"No.","Time","Source","Destination","Protocol","Length","Signal strength (RSSI)","Noise level (dBm)","Signal/noise ratio (dB)","Info"
"111","0.038485","e2:bb:15:72:70:e6","ff:ff:ff:ff:ff:ff","802.11","444","-33 dBm","-92 dBm","59 dB","Beacon frame, SN=1398, FN=0, Flags=........C, BI=100, SSID=""Z5319476"""
"546","0.140713","e2:bb:15:72:70:e6","ff:ff:ff:ff:ff:ff","802.11","444","-35 dBm","-92 dBm","57 dB","Beacon frame, SN=1399, FN=0, Flags=........C, BI=100, SSID=""Z5319476"""
"1037","0.242967","e2:bb:15:72:70:e6","ff:ff:ff:ff:ff:ff","802.11","444","-33 dBm","-92 dBm","59 dB","Beacon frame, SN=1400, FN=0, Flags=........C, BI=100, SSID=""Z5319476"""
"1481","0.345798","e2:bb:15:72:70:e6","ff:ff:ff:ff:ff:ff","802.11","444","-35 dBm","-92 dBm","57 dB","Beacon frame, SN=1401, FN=0, Flags=........C, BI=100, SSID=""Z5319476"""
"1856","0.447692","e2:bb:15:72:70:e6","ff:ff:ff:ff:ff:ff","802.11","444","-34 dBm","-92 dBm","58 dB","Beacon frame, SN=1402, FN=0, Flags=........C, BI=100, SSID=""Z5319476"""
"2123","0.550019","e2:bb:15:72:70:e6","ff:ff:ff:ff:ff:ff","802.11","444","-35 dBm","-92 dBm","57 dB","Beacon frame, SN=1403, FN=0, Flags=........C, BI=100, SSID=""Z5319476"""
"2927","0.755010","e2:bb:15:72:70:e6","ff:ff:ff:ff:ff:ff","802.11","444","-34 dBm","-92 dBm","58 dB","Beacon frame, SN=1405, FN=0, Flags=........C, BI=100, SSID=""Z5319476"""
"3237","0.857661","e2:bb:15:72:70:e6","ff:ff:ff:ff:ff:ff","802.11","444","-35 dBm","-92 dBm","57 dB","Beacon frame, SN=1406, FN=0, Flags=........C, BI=100, SSID=""Z5319476"""
"3552","0.959666","e2:bb:15:72:70:e6","ff:ff:ff:ff:ff:ff","802.11","444","-31 dBm","-92 dBm","61 dB","Beacon frame, SN=1407, FN=0, Flags=........C, BI=100, SSID=""Z5319476"""
"3902","1.064444","e2:bb:15:72:70:e6","ff:ff:ff:ff:ff:ff","802.11","444","-33 dBm","-92 dBm","59 dB","Beacon frame, SN=1408, FN=0, Flags=........C, BI=100, SSID=""Z5319476"""
"4230","1.164413","e2:bb:15:72:70:e6","ff:ff:ff:ff:ff:ff","802.11","444","-33 dBm","-92 dBm","59 dB","Beacon frame, SN=1409, FN=0, Flags=........C, BI=100, SSID=""Z5319476"""
"4518","1.269205","e2:bb:15:72:70:e6","ff:ff:ff:ff:ff:ff","802.11","444","-36 dBm","-92 dBm","56 dB","Beacon frame, SN=1410, FN=0, Flags=........C, BI=100, SSID=""Z5319476"""
"4789","1.369187","e2:bb:15:72:70:e6","ff:ff:ff:ff:ff:ff","802.11","444","-33 dBm","-92 dBm","59 dB","Beacon frame, SN=1411, FN=0, Flags=........C, BI=100, SSID=""Z5319476"""
"5077","1.472094","e2:bb:15:72:70:e6","ff:ff:ff:ff:ff:ff","802.11","444","-33 dBm","-92 dBm","59 dB","Beacon frame, SN=1412, FN=0, Flags=........C, BI=100, SSID=""Z5319476"""
"5300","1.577644","e2:bb:15:72:70:e6","ff:ff:ff:ff:ff:ff","802.11","444","-33 dBm","-92 dBm","59 dB","Beacon frame, SN=1413, FN=0, Flags=........C, BI=100, SSID=""Z5319476"""
"5543","1.676629","e2:bb:15:72:70:e6","ff:ff:ff:ff:ff:ff","802.11","444","-36 dBm","-92 dBm","56 dB","Beacon frame, SN=1414, FN=0, Flags=........C, BI=100, SSID=""Z5319476"""
"5753","1.779036","e2:bb:15:72:70:e6","ff:ff:ff:ff:ff:ff","802.11","444","-35 dBm","-92 dBm","57 dB","Beacon frame, SN=1415, FN=0, Flags=........C, BI=100, SSID=""Z5319476"""
"6104","1.881509","e2:bb:15:72:70:e6","ff:ff:ff:ff:ff:ff","802.11","444","-33 dBm","-92 dBm","59 dB","Beacon frame, SN=1416, FN=0, Flags=........C, BI=100, SSID=""Z5319476"""
"6513","1.983741","e2:bb:15:72:70:e6","ff:ff:ff:ff:ff:ff","802.11","444","-36 dBm","-92 dBm","56 dB","Beacon frame, SN=1417, FN=0, Flags=........C, BI=100, SSID=""Z5319476"""
"6934","2.086611","e2:bb:15:72:70:e6","ff:ff:ff:ff:ff:ff","802.11","444","-33 dBm","-92 dBm","59 dB","Beacon frame, SN=1418, FN=0, Flags=........C, BI=100, SSID=""Z5319476"""
"7413","2.188626","e2:bb:15:72:70:e6","ff:ff:ff:ff:ff:ff","802.11","444","-36 dBm","-92 dBm","56 dB","Beacon frame, SN=1419, FN=0, Flags=........C, BI=100, SSID=""Z5319476"""
"7861","2.292018","e2:bb:15:72:70:e6","ff:ff:ff:ff:ff:ff","802.11","444","-33 dBm","-92 dBm","59 dB","Beacon frame, SN=1420, FN=0, Flags=........C, BI=100, SSID=""Z5319476"""
"8387","2.395148","e2:bb:15:72:70:e6","ff:ff:ff:ff:ff:ff","802.11","444","-33 dBm","-92 dBm","59 dB","Beacon frame, SN=1421, FN=0, Flags=........C, BI=100, SSID=""Z5319476"""
"8826","2.495937","e2:bb:15:72:70:e6","ff:ff:ff:ff:ff:ff","802.11","444","-35 dBm","-92 dBm","57 dB","Beacon frame, SN=1422, FN=0, Flags=........C, BI=100, SSID=""Z5319476"""
"9353","2.599454","e2:bb:15:72:70:e6","ff:ff:ff:ff:ff:ff","802.11","444","-36 dBm","-92 dBm","56 dB","Beacon frame, SN=1423, FN=0, Flags=........C, BI=100, SSID=""Z5319476"""
"9839","2.700675","e2:bb:15:72:70:e6","ff:ff:ff:ff:ff:ff","802.11","444","-36 dBm","-92 dBm","56 dB","Beacon frame, SN=1424, FN=0, Flags=........C, BI=100, SSID=""Z5319476"""
"10320","2.802731","e2:bb:15:72:70:e6","ff:ff:ff:ff:ff:ff","802.11","444","-33 dBm","-92 dBm","59 dB","Beacon frame, SN=1425, FN=0, Flags=........C, BI=100, SSID=""Z5319476"""
"10696","2.905479","e2:bb:15:72:70:e6","ff:ff:ff:ff:ff:ff","802.11","444","-36 dBm","-92 dBm","56 dB","Beacon frame, SN=1426, FN=0, Flags=........C, BI=100, SSID=""Z5319476"""
"11021","3.007662","e2:bb:15:72:70:e6","ff:ff:ff:ff:ff:ff","802.11","444","-35 dBm","-92 dBm","57 dB","Beacon frame, SN=1427, FN=0, Flags=........C, BI=100, SSID=""Z5319476"""
"11460","3.110048","e2:bb:15:72:70:e6","ff:ff:ff:ff:ff:ff","802.11","444","-35 dBm","-92 dBm","57 dB","Beacon frame, SN=1428, FN=0, Flags=........C, BI=100, SSID=""Z5319476"""
"11932","3.212350","e2:bb:15:72:70:e6","ff:ff:ff:ff:ff:ff","802.11","444","-35 dBm","-92 dBm","57 dB","Beacon frame, SN=1429, FN=0, Flags=........C, BI=100, SSID=""Z5319476"""
"12442","3.314744","e2:bb:15:72:70:e6","ff:ff:ff:ff:ff:ff","802.11","444","-36 dBm","-92 dBm","56 dB","Beacon frame, SN=1430, FN=0, Flags=........C, BI=100, SSID=""Z5319476"""
"13540","3.519640","e2:bb:15:72:70:e6","ff:ff:ff:ff:ff:ff","802.11","444","-33 dBm","-92 dBm","59 dB","Beacon frame, SN=1432, FN=0, Flags=........C, BI=100, SSID=""Z5319476"""
"14016","3.623415","e2:bb:15:72:70:e6","ff:ff:ff:ff:ff:ff","802.11","444","-35 dBm","-92 dBm","57 dB","Beacon frame, SN=1433, FN=0, Flags=........C, BI=100, SSID=""Z5319476"""
"14449","3.724448","e2:bb:15:72:70:e6","ff:ff:ff:ff:ff:ff","802.11","444","-31 dBm","-92 dBm","61 dB","Beacon frame, SN=1434, FN=0, Flags=........C, BI=100, SSID=""Z5319476"""
"15021","3.826848","e2:bb:15:72:70:e6","ff:ff:ff:ff:ff:ff","802.11","444","-31 dBm","-92 dBm","61 dB","Beacon frame, SN=1435, FN=0, Flags=........C, BI=100, SSID=""Z5319476"""
"15443","3.929414","e2:bb:15:72:70:e6","ff:ff:ff:ff:ff:ff","802.11","444","-33 dBm","-92 dBm","59 dB","Beacon frame, SN=1436, FN=0, Flags=........C, BI=100, SSID=""Z5319476"""
"15829","4.031701","e2:bb:15:72:70:e6","ff:ff:ff:ff:ff:ff","802.11","444","-33 dBm","-92 dBm","59 dB","Beacon frame, SN=1437, FN=0, Flags=........C, BI=100, SSID=""Z5319476"""
"16309","4.134115","e2:bb:15:72:70:e6","ff:ff:ff:ff:ff:ff","802.11","444","-33 dBm","-92 dBm","59 dB","Beacon frame, SN=1438, FN=0, Flags=........C, BI=100, SSID=""Z5319476"""
"16716","4.236747","e2:bb:15:72:70:e6","ff:ff:ff:ff:ff:ff","802.11","444","-35 dBm","-92 dBm","57 dB","Beacon frame, SN=1439, FN=0, Flags=........C, BI=100, SSID=""Z5319476"""
"17101","4.339797","e2:bb:15:72:70:e6","ff:ff:ff:ff:ff:ff","802.11","444","-33 dBm","-92 dBm","59 dB","Beacon frame, SN=1440, FN=0, Flags=........C, BI=100, SSID=""Z5319476"""
"17643","4.441310","e2:bb:15:72:70:e6","ff:ff:ff:ff:ff:ff","802.11","444","-31 dBm","-92 dBm","61 dB","Beacon frame, SN=1441, FN=0, Flags=........C, BI=100, SSID=""Z5319476"""
"18158","4.544498","e2:bb:15:72:70:e6","ff:ff:ff:ff:ff:ff","802.11","444","-35 dBm","-92 dBm","57 dB","Beacon frame, SN=1442, FN=0, Flags=........C, BI=100, SSID=""Z5319476"""
"18594","4.646996","e2:bb:15:72:70:e6","ff:ff:ff:ff:ff:ff","802.11","444","-31 dBm","-92 dBm","61 dB","Beacon frame, SN=1443, FN=0, Flags=........C, BI=100, SSID=""Z5319476"""
"19139","4.748730","e2:bb:15:72:70:e6","ff:ff:ff:ff:ff:ff","802.11","444","-32 dBm","-92 dBm","60 dB","Beacon frame, SN=1444, FN=0, Flags=........C, BI=100, SSID=""Z5319476"""
"19541","4.851100","e2:bb:15:72:70:e6","ff:ff:ff:ff:ff:ff","802.11","444","-33 dBm","-92 dBm","59 dB","Beacon frame, SN=1445, FN=0, Flags=........C, BI=100, SSID=""Z5319476"""
"20563","5.055936","e2:bb:15:72:70:e6","ff:ff:ff:ff:ff:ff","802.11","444","-31 dBm","-92 dBm","61 dB","Beacon frame, SN=1447, FN=0, Flags=........C, BI=100, SSID=""Z5319476"""
"21085","5.158190","e2:bb:15:72:70:e6","ff:ff:ff:ff:ff:ff","802.11","444","-33 dBm","-92 dBm","59 dB","Beacon frame, SN=1448, FN=0, Flags=........C, BI=100, SSID=""Z5319476"""
"21499","5.260884","e2:bb:15:72:70:e6","ff:ff:ff:ff:ff:ff","802.11","444","-33 dBm","-92 dBm","59 dB","Beacon frame, SN=1449, FN=0, Flags=........C, BI=100, SSID=""Z5319476"""
"21886","5.364632","e2:bb:15:72:70:e6","ff:ff:ff:ff:ff:ff","802.11","444","-34 dBm","-92 dBm","58 dB","Beacon frame, SN=1450, FN=0, Flags=........C, BI=100, SSID=""Z5319476"""
"22279","5.465161","e2:bb:15:72:70:e6","ff:ff:ff:ff:ff:ff","802.11","444","-35 dBm","-92 dBm","57 dB","Beacon frame, SN=1451, FN=0, Flags=........C, BI=100, SSID=""Z5319476"""
"22611","5.567783","e2:bb:15:72:70:e6","ff:ff:ff:ff:ff:ff","802.11","444","-36 dBm","-92 dBm","56 dB","Beacon frame, SN=1452, FN=0, Flags=........C, BI=100, SSID=""Z5319476"""
"22954","5.670213","e2:bb:15:72:70:e6","ff:ff:ff:ff:ff:ff","802.11","444","-36 dBm","-92 dBm","56 dB","Beacon frame, SN=1453, FN=0, Flags=........C, BI=100, SSID=""Z5319476"""
"23377","5.772575","e2:bb:15:72:70:e6","ff:ff:ff:ff:ff:ff","802.11","444","-35 dBm","-92 dBm","57 dB","Beacon frame, SN=1454, FN=0, Flags=........C, BI=100, SSID=""Z5319476"""
"23700","5.874687","e2:bb:15:72:70:e6","ff:ff:ff:ff:ff:ff","802.11","444","-34 dBm","-92 dBm","58 dB","Beacon frame, SN=1455, FN=0, Flags=........C, BI=100, SSID=""Z5319476"""
"24041","5.977115","e2:bb:15:72:70:e6","ff:ff:ff:ff:ff:ff","802.11","444","-35 dBm","-92 dBm","57 dB","Beacon frame, SN=1456, FN=0, Flags=........C, BI=100, SSID=""Z5319476"""
"24487","6.079832","e2:bb:15:72:70:e6","ff:ff:ff:ff:ff:ff","802.11","444","-36 dBm","-92 dBm","56 dB","Beacon frame, SN=1457, FN=0, Flags=........C, BI=100, SSID=""Z5319476"""
"24988","6.182456","e2:bb:15:72:70:e6","ff:ff:ff:ff:ff:ff","802.11","444","-33 dBm","-92 dBm","59 dB","Beacon frame, SN=1458, FN=0, Flags=........C, BI=100, SSID=""Z5319476"""
"25522","6.284558","e2:bb:15:72:70:e6","ff:ff:ff:ff:ff:ff","802.11","444","-33 dBm","-92 dBm","59 dB","Beacon frame, SN=1459, FN=0, Flags=........C, BI=100, SSID=""Z5319476"""
"25966","6.387264","e2:bb:15:72:70:e6","ff:ff:ff:ff:ff:ff","802.11","444","-36 dBm","-92 dBm","56 dB","Beacon frame, SN=1460, FN=0, Flags=........C, BI=100, SSID=""Z5319476"""
"26478","6.489276","e2:bb:15:72:70:e6","ff:ff:ff:ff:ff:ff","802.11","444","-35 dBm","-92 dBm","57 dB","Beacon frame, SN=1461, FN=0, Flags=........C, BI=100, SSID=""Z5319476"""
"26954","6.593883","e2:bb:15:72:70:e6","ff:ff:ff:ff:ff:ff","802.11","444","-36 dBm","-92 dBm","56 dB","Beacon frame, SN=1462, FN=0, Flags=........C, BI=100, SSID=""Z5319476"""
"27386","6.694046","e2:bb:15:72:70:e6","ff:ff:ff:ff:ff:ff","802.11","444","-36 dBm","-92 dBm","56 dB","Beacon frame, SN=1463, FN=0, Flags=........C, BI=100, SSID=""Z5319476"""
"27823","6.796750","e2:bb:15:72:70:e6","ff:ff:ff:ff:ff:ff","802.11","444","-36 dBm","-92 dBm","56 dB","Beacon frame, SN=1464, FN=0, Flags=........C, BI=100, SSID=""Z5319476"""
"28161","6.898917","e2:bb:15:72:70:e6","ff:ff:ff:ff:ff:ff","802.11","444","-36 dBm","-92 dBm","56 dB","Beacon frame, SN=1465, FN=0, Flags=........C, BI=100, SSID=""Z5319476"""
"28508","7.000903","e2:bb:15:72:70:e6","ff:ff:ff:ff:ff:ff","802.11","444","-32 dBm","-92 dBm","60 dB","Beacon frame, SN=1466, FN=0, Flags=........C, BI=100, SSID=""Z5319476"""
"28860","7.103486","e2:bb:15:72:70:e6","ff:ff:ff:ff:ff:ff","802.11","444","-36 dBm","-92 dBm","56 dB","Beacon frame, SN=1467, FN=0, Flags=........C, BI=100, SSID=""Z5319476"""
"29258","7.205883","e2:bb:15:72:70:e6","ff:ff:ff:ff:ff:ff","802.11","444","-35 dBm","-92 dBm","57 dB","Beacon frame, SN=1468, FN=0, Flags=........C, BI=100, SSID=""Z5319476"""
"29660","7.308620","e2:bb:15:72:70:e6","ff:ff:ff:ff:ff:ff","802.11","444","-33 dBm","-92 dBm","59 dB","Beacon frame, SN=1469, FN=0, Flags=........C, BI=100, SSID=""Z5319476"""
"30227","7.412007","e2:bb:15:72:70:e6","ff:ff:ff:ff:ff:ff","802.11","444","-33 dBm","-92 dBm","59 dB","Beacon frame, SN=1470, FN=0, Flags=........C, BI=100, SSID=""Z5319476"""
"30815","7.513147","e2:bb:15:72:70:e6","ff:ff:ff:ff:ff:ff","802.11","444","-33 dBm","-92 dBm","59 dB","Beacon frame, SN=1471, FN=0, Flags=........C, BI=100, SSID=""Z5319476"""
"31272","7.615703","e2:bb:15:72:70:e6","ff:ff:ff:ff:ff:ff","802.11","444","-36 dBm","-92 dBm","56 dB","Beacon frame, SN=1472, FN=0, Flags=........C, BI=100, SSID=""Z5319476"""
"31684","7.719384","e2:bb:15:72:70:e6","ff:ff:ff:ff:ff:ff","802.11","444","-36 dBm","-92 dBm","56 dB","Beacon frame, SN=1473, FN=0, Flags=........C, BI=100, SSID=""Z5319476"""
"32119","7.822766","e2:bb:15:72:70:e6","ff:ff:ff:ff:ff:ff","802.11","444","-31 dBm","-92 dBm","61 dB","Beacon frame, SN=1474, FN=0, Flags=........C, BI=100, SSID=""Z5319476"""
"32557","7.923114","e2:bb:15:72:70:e6","ff:ff:ff:ff:ff:ff","802.11","444","-36 dBm","-92 dBm","56 dB","Beacon frame, SN=1475, FN=0, Flags=........C, BI=100, SSID=""Z5319476"""
"33038","8.025115","e2:bb:15:72:70:e6","ff:ff:ff:ff:ff:ff","802.11","444","-36 dBm","-92 dBm","56 dB","Beacon frame, SN=1476, FN=0, Flags=........C, BI=100, SSID=""Z5319476"""
"33455","8.127800","e2:bb:15:72:70:e6","ff:ff:ff:ff:ff:ff","802.11","444","-36 dBm","-92 dBm","56 dB","Beacon frame, SN=1477, FN=0, Flags=........C, BI=100, SSID=""Z5319476"""
"33909","8.230183","e2:bb:15:72:70:e6","ff:ff:ff:ff:ff:ff","802.11","444","-35 dBm","-92 dBm","57 dB","Beacon frame, SN=1478, FN=0, Flags=........C, BI=100, SSID=""Z5319476"""
"34418","8.332346","e2:bb:15:72:70:e6","ff:ff:ff:ff:ff:ff","802.11","444","-35 dBm","-92 dBm","57 dB","Beacon frame, SN=1479, FN=0, Flags=........C, BI=100, SSID=""Z5319476"""
"34815","8.438366","e2:bb:15:72:70:e6","ff:ff:ff:ff:ff:ff","802.11","444","-35 dBm","-92 dBm","57 dB","Beacon frame, SN=1480, FN=0, Flags=........C, BI=100, SSID=""Z5319476"""
"35194","8.537145","e2:bb:15:72:70:e6","ff:ff:ff:ff:ff:ff","802.11","444","-35 dBm","-92 dBm","57 dB","Beacon frame, SN=1481, FN=0, Flags=........C, BI=100, SSID=""Z5319476"""
"35672","8.639728","e2:bb:15:72:70:e6","ff:ff:ff:ff:ff:ff","802.11","444","-33 dBm","-92 dBm","59 dB","Beacon frame, SN=1482, FN=0, Flags=........C, BI=100, SSID=""Z5319476"""
"36104","8.742040","e2:bb:15:72:70:e6","ff:ff:ff:ff:ff:ff","802.11","444","-33 dBm","-92 dBm","59 dB","Beacon frame, SN=1483, FN=0, Flags=........C, BI=100, SSID=""Z5319476"""
"36562","8.845045","e2:bb:15:72:70:e6","ff:ff:ff:ff:ff:ff","802.11","444","-33 dBm","-92 dBm","59 dB","Beacon frame, SN=1484, FN=0, Flags=........C, BI=100, SSID=""Z5319476"""
"37068","8.946638","e2:bb:15:72:70:e6","ff:ff:ff:ff:ff:ff","802.11","444","-33 dBm","-92 dBm","59 dB","Beacon frame, SN=1485, FN=0, Flags=........C, BI=100, SSID=""Z5319476"""
"37537","9.049275","e2:bb:15:72:70:e6","ff:ff:ff:ff:ff:ff","802.11","444","-35 dBm","-92 dBm","57 dB","Beacon frame, SN=1486, FN=0, Flags=........C, BI=100, SSID=""Z5319476"""
"37914","9.151194","e2:bb:15:72:70:e6","ff:ff:ff:ff:ff:ff","802.11","444","-33 dBm","-92 dBm","59 dB","Beacon frame, SN=1487, FN=0, Flags=........C, BI=100, SSID=""Z5319476"""
"38373","9.254339","e2:bb:15:72:70:e6","ff:ff:ff:ff:ff:ff","802.11","444","-33 dBm","-92 dBm","59 dB","Beacon frame, SN=1488, FN=0, Flags=........C, BI=100, SSID=""Z5319476"""
"38813","9.355914","e2:bb:15:72:70:e6","ff:ff:ff:ff:ff:ff","802.11","444","-31 dBm","-92 dBm","61 dB","Beacon frame, SN=1489, FN=0, Flags=........C, BI=100, SSID=""Z5319476"""
"39248","9.459712","e2:bb:15:72:70:e6","ff:ff:ff:ff:ff:ff","802.11","444","-33 dBm","-92 dBm","59 dB","Beacon frame, SN=1490, FN=0, Flags=........C, BI=100, SSID=""Z5319476"""
"39673","9.561032","e2:bb:15:72:70:e6","ff:ff:ff:ff:ff:ff","802.11","444","-31 dBm","-92 dBm","61 dB","Beacon frame, SN=1491, FN=0, Flags=........C, BI=100, SSID=""Z5319476"""
"40011","9.663671","e2:bb:15:72:70:e6","ff:ff:ff:ff:ff:ff","802.11","444","-36 dBm","-92 dBm","56 dB","Beacon frame, SN=1492, FN=0, Flags=........C, BI=100, SSID=""Z5319476"""
"40376","9.765852","e2:bb:15:72:70:e6","ff:ff:ff:ff:ff:ff","802.11","444","-33 dBm","-92 dBm","59 dB","Beacon frame, SN=1493, FN=0, Flags=........C, BI=100, SSID=""Z5319476"""
"40627","9.868252","e2:bb:15:72:70:e6","ff:ff:ff:ff:ff:ff","802.11","444","-33 dBm","-92 dBm","59 dB","Beacon frame, SN=1494, FN=0, Flags=........C, BI=100, SSID=""Z5319476"""
"40915","9.970827","e2:bb:15:72:70:e6","ff:ff:ff:ff:ff:ff","802.11","444","-33 dBm","-92 dBm","59 dB","Beacon frame, SN=1495, FN=0, Flags=........C, BI=100, SSID=""Z5319476"""
"41159","10.072768","e2:bb:15:72:70:e6","ff:ff:ff:ff:ff:ff","802.11","444","-36 dBm","-92 dBm","56 dB","Beacon frame, SN=1496, FN=0, Flags=........C, BI=100, SSID=""Z5319476"""
"41481","10.175759","e2:bb:15:72:70:e6","ff:ff:ff:ff:ff:ff","802.11","444","-31 dBm","-92 dBm","61 dB","Beacon frame, SN=1497, FN=0, Flags=........C, BI=100, SSID=""Z5319476"""
"41795","10.277876","e2:bb:15:72:70:e6","ff:ff:ff:ff:ff:ff","802.11","444","-35 dBm","-92 dBm","57 dB","Beacon frame, SN=1498, FN=0, Flags=........C, BI=100, SSID=""Z5319476"""
"42108","10.380586","e2:bb:15:72:70:e6","ff:ff:ff:ff:ff:ff","802.11","444","-35 dBm","-92 dBm","57 dB","Beacon frame, SN=1499, FN=0, Flags=........C, BI=100, SSID=""Z5319476"""
"42420","10.482745","e2:bb:15:72:70:e6","ff:ff:ff:ff:ff:ff","802.11","444","-36 dBm","-92 dBm","56 dB","Beacon frame, SN=1500, FN=0, Flags=........C, BI=100, SSID=""Z5319476"""
"42751","10.585332","e2:bb:15:72:70:e6","ff:ff:ff:ff:ff:ff","802.11","444","-35 dBm","-92 dBm","57 dB","Beacon frame, SN=1501, FN=0, Flags=........C, BI=100, SSID=""Z5319476"""
"43066","10.687845","e2:bb:15:72:70:e6","ff:ff:ff:ff:ff:ff","802.11","444","-33 dBm","-92 dBm","59 dB","Beacon frame, SN=1502, FN=0, Flags=........C, BI=100, SSID=""Z5319476"""
"43384","10.789978","e2:bb:15:72:70:e6","ff:ff:ff:ff:ff:ff","802.11","444","-35 dBm","-92 dBm","57 dB","Beacon frame, SN=1503, FN=0, Flags=........C, BI=100, SSID=""Z5319476"""
"43678","10.892848","e2:bb:15:72:70:e6","ff:ff:ff:ff:ff:ff","802.11","444","-35 dBm","-92 dBm","57 dB","Beacon frame, SN=1504, FN=0, Flags=........C, BI=100, SSID=""Z5319476"""
"43994","10.994636","e2:bb:15:72:70:e6","ff:ff:ff:ff:ff:ff","802.11","444","-36 dBm","-92 dBm","56 dB","Beacon frame, SN=1505, FN=0, Flags=........C, BI=100, SSID=""Z5319476"""
"44363","11.097031","e2:bb:15:72:70:e6","ff:ff:ff:ff:ff:ff","802.11","444","-35 dBm","-92 dBm","57 dB","Beacon frame, SN=1506, FN=0, Flags=........C, BI=100, SSID=""Z5319476"""
"44682","11.199626","e2:bb:15:72:70:e6","ff:ff:ff:ff:ff:ff","802.11","444","-31 dBm","-92 dBm","61 dB","Beacon frame, SN=1507, FN=0, Flags=........C, BI=100, SSID=""Z5319476"""
"45029","11.301863","e2:bb:15:72:70:e6","ff:ff:ff:ff:ff:ff","802.11","444","-33 dBm","-92 dBm","59 dB","Beacon frame, SN=1508, FN=0, Flags=........C, BI=100, SSID=""Z5319476"""
"45412","11.403988","e2:bb:15:72:70:e6","ff:ff:ff:ff:ff:ff","802.11","444","-33 dBm","-92 dBm","59 dB","Beacon frame, SN=1509, FN=0, Flags=........C, BI=100, SSID=""Z5319476"""
"45818","11.508289","e2:bb:15:72:70:e6","ff:ff:ff:ff:ff:ff","802.11","444","-36 dBm","-92 dBm","56 dB","Beacon frame, SN=1510, FN=0, Flags=........C, BI=100, SSID=""Z5319476"""
"46126","11.609254","e2:bb:15:72:70:e6","ff:ff:ff:ff:ff:ff","802.11","444","-31 dBm","-92 dBm","61 dB","Beacon frame, SN=1511, FN=0, Flags=........C, BI=100, SSID=""Z5319476"""
"46480","11.711552","e2:bb:15:72:70:e6","ff:ff:ff:ff:ff:ff","802.11","444","-31 dBm","-92 dBm","61 dB","Beacon frame, SN=1512, FN=0, Flags=........C, BI=100, SSID=""Z5319476"""
"46741","11.814594","e2:bb:15:72:70:e6","ff:ff:ff:ff:ff:ff","802.11","444","-34 dBm","-92 dBm","58 dB","Beacon frame, SN=1513, FN=0, Flags=........C, BI=100, SSID=""Z5319476"""
"47046","11.916114","e2:bb:15:72:70:e6","ff:ff:ff:ff:ff:ff","802.11","444","-33 dBm","-92 dBm","59 dB","Beacon frame, SN=1514, FN=0, Flags=........C, BI=100, SSID=""Z5319476"""
"47328","12.018987","e2:bb:15:72:70:e6","ff:ff:ff:ff:ff:ff","802.11","444","-31 dBm","-92 dBm","61 dB","Beacon frame, SN=1515, FN=0, Flags=........C, BI=100, SSID=""Z5319476"""
"47660","12.121106","e2:bb:15:72:70:e6","ff:ff:ff:ff:ff:ff","802.11","444","-35 dBm","-92 dBm","57 dB","Beacon frame, SN=1516, FN=0, Flags=........C, BI=100, SSID=""Z5319476"""
"47978","12.223911","e2:bb:15:72:70:e6","ff:ff:ff:ff:ff:ff","802.11","444","-35 dBm","-92 dBm","57 dB","Beacon frame, SN=1517, FN=0, Flags=........C, BI=100, SSID=""Z5319476"""
"48329","12.325758","e2:bb:15:72:70:e6","ff:ff:ff:ff:ff:ff","802.11","444","-31 dBm","-92 dBm","61 dB","Beacon frame, SN=1518, FN=0, Flags=........C, BI=100, SSID=""Z5319476"""
"48692","12.428099","e2:bb:15:72:70:e6","ff:ff:ff:ff:ff:ff","802.11","444","-33 dBm","-92 dBm","59 dB","Beacon frame, SN=1519, FN=0, Flags=........C, BI=100, SSID=""Z5319476"""
"49102","12.533158","e2:bb:15:72:70:e6","ff:ff:ff:ff:ff:ff","802.11","444","-35 dBm","-92 dBm","57 dB","Beacon frame, SN=1520, FN=0, Flags=........C, BI=100, SSID=""Z5319476"""
"49474","12.633055","e2:bb:15:72:70:e6","ff:ff:ff:ff:ff:ff","802.11","444","-33 dBm","-92 dBm","59 dB","Beacon frame, SN=1521, FN=0, Flags=........C, BI=100, SSID=""Z5319476"""
"49838","12.738041","e2:bb:15:72:70:e6","ff:ff:ff:ff:ff:ff","802.11","444","-35 dBm","-92 dBm","57 dB","Beacon frame, SN=1522, FN=0, Flags=........C, BI=100, SSID=""Z5319476"""
"50072","12.839070","e2:bb:15:72:70:e6","ff:ff:ff:ff:ff:ff","802.11","444","-31 dBm","-92 dBm","61 dB","Beacon frame, SN=1523, FN=0, Flags=........C, BI=100, SSID=""Z5319476"""
"50430","12.941020","e2:bb:15:72:70:e6","ff:ff:ff:ff:ff:ff","802.11","444","-34 dBm","-92 dBm","58 dB","Beacon frame, SN=1524, FN=0, Flags=........C, BI=100, SSID=""Z5319476"""
"50757","13.043198","e2:bb:15:72:70:e6","ff:ff:ff:ff:ff:ff","802.11","444","-33 dBm","-92 dBm","59 dB","Beacon frame, SN=1525, FN=0, Flags=........C, BI=100, SSID=""Z5319476"""
"51053","13.145120","e2:bb:15:72:70:e6","ff:ff:ff:ff:ff:ff","802.11","444","-34 dBm","-92 dBm","58 dB","Beacon frame, SN=1526, FN=0, Flags=........C, BI=100, SSID=""Z5319476"""
"51339","13.247616","e2:bb:15:72:70:e6","ff:ff:ff:ff:ff:ff","802.11","444","-35 dBm","-92 dBm","57 dB","Beacon frame, SN=1527, FN=0, Flags=........C, BI=100, SSID=""Z5319476"""
"51651","13.350537","e2:bb:15:72:70:e6","ff:ff:ff:ff:ff:ff","802.11","444","-35 dBm","-92 dBm","57 dB","Beacon frame, SN=1528, FN=0, Flags=........C, BI=100, SSID=""Z5319476"""
"51959","13.452195","e2:bb:15:72:70:e6","ff:ff:ff:ff:ff:ff","802.11","444","-35 dBm","-92 dBm","57 dB","Beacon frame, SN=1529, FN=0, Flags=........C, BI=100, SSID=""Z5319476"""
"52294","13.554909","e2:bb:15:72:70:e6","ff:ff:ff:ff:ff:ff","802.11","444","-31 dBm","-92 dBm","61 dB","Beacon frame, SN=1530, FN=0, Flags=........C, BI=100, SSID=""Z5319476"""
"52610","13.658286","e2:bb:15:72:70:e6","ff:ff:ff:ff:ff:ff","802.11","444","-34 dBm","-92 dBm","58 dB","Beacon frame, SN=1531, FN=0, Flags=........C, BI=100, SSID=""Z5319476"""
"52868","13.759488","e2:bb:15:72:70:e6","ff:ff:ff:ff:ff:ff","802.11","444","-33 dBm","-92 dBm","59 dB","Beacon frame, SN=1532, FN=0, Flags=........C, BI=100, SSID=""Z5319476"""
"53150","13.862231","e2:bb:15:72:70:e6","ff:ff:ff:ff:ff:ff","802.11","444","-35 dBm","-92 dBm","57 dB","Beacon frame, SN=1533, FN=0, Flags=........C, BI=100, SSID=""Z5319476"""
"53395","13.964667","e2:bb:15:72:70:e6","ff:ff:ff:ff:ff:ff","802.11","444","-33 dBm","-92 dBm","59 dB","Beacon frame, SN=1534, FN=0, Flags=........C, BI=100, SSID=""Z5319476"""
"53696","14.066772","e2:bb:15:72:70:e6","ff:ff:ff:ff:ff:ff","802.11","444","-32 dBm","-92 dBm","60 dB","Beacon frame, SN=1535, FN=0, Flags=........C, BI=100, SSID=""Z5319476"""
"53943","14.169197","e2:bb:15:72:70:e6","ff:ff:ff:ff:ff:ff","802.11","444","-35 dBm","-92 dBm","57 dB","Beacon frame, SN=1536, FN=0, Flags=........C, BI=100, SSID=""Z5319476"""
"54286","14.271272","e2:bb:15:72:70:e6","ff:ff:ff:ff:ff:ff","802.11","444","-35 dBm","-92 dBm","57 dB","Beacon frame, SN=1537, FN=0, Flags=........C, BI=100, SSID=""Z5319476"""
"54525","14.373840","e2:bb:15:72:70:e6","ff:ff:ff:ff:ff:ff","802.11","444","-32 dBm","-92 dBm","60 dB","Beacon frame, SN=1538, FN=0, Flags=........C, BI=100, SSID=""Z5319476"""
"54814","14.477985","e2:bb:15:72:70:e6","ff:ff:ff:ff:ff:ff","802.11","444","-32 dBm","-92 dBm","60 dB","Beacon frame, SN=1539, FN=0, Flags=........C, BI=100, SSID=""Z5319476"""
"55070","14.578457","e2:bb:15:72:70:e6","ff:ff:ff:ff:ff:ff","802.11","444","-31 dBm","-92 dBm","61 dB","Beacon frame, SN=1540, FN=0, Flags=........C, BI=100, SSID=""Z5319476"""
"55251","14.682176","e2:bb:15:72:70:e6","ff:ff:ff:ff:ff:ff","802.11","444","-34 dBm","-92 dBm","58 dB","Beacon frame, SN=1541, FN=0, Flags=........C, BI=100, SSID=""Z5319476"""
"55481","14.783421","e2:bb:15:72:70:e6","ff:ff:ff:ff:ff:ff","802.11","444","-35 dBm","-92 dBm","57 dB","Beacon frame, SN=1542, FN=0, Flags=........C, BI=100, SSID=""Z5319476"""
"55775","14.885667","e2:bb:15:72:70:e6","ff:ff:ff:ff:ff:ff","802.11","444","-35 dBm","-92 dBm","57 dB","Beacon frame, SN=1543, FN=0, Flags=........C, BI=100, SSID=""Z5319476"""
"56069","14.988394","e2:bb:15:72:70:e6","ff:ff:ff:ff:ff:ff","802.11","444","-35 dBm","-92 dBm","57 dB","Beacon frame, SN=1544, FN=0, Flags=........C, BI=100, SSID=""Z5319476"""
"56342","15.091830","e2:bb:15:72:70:e6","ff:ff:ff:ff:ff:ff","802.11","444","-35 dBm","-92 dBm","57 dB","Beacon frame, SN=1545, FN=0, Flags=........C, BI=100, SSID=""Z5319476"""
"56624","15.193394","e2:bb:15:72:70:e6","ff:ff:ff:ff:ff:ff","802.11","444","-33 dBm","-92 dBm","59 dB","Beacon frame, SN=1546, FN=0, Flags=........C, BI=100, SSID=""Z5319476"""
"57226","15.398900","e2:bb:15:72:70:e6","ff:ff:ff:ff:ff:ff","802.11","444","-36 dBm","-92 dBm","56 dB","Beacon frame, SN=1548, FN=0, Flags=........C, BI=100, SSID=""Z5319476"""
"57475","15.502228","e2:bb:15:72:70:e6","ff:ff:ff:ff:ff:ff","802.11","444","-33 dBm","-92 dBm","59 dB","Beacon frame, SN=1549, FN=0, Flags=........C, BI=100, SSID=""Z5319476"""
"57770","15.602410","e2:bb:15:72:70:e6","ff:ff:ff:ff:ff:ff","802.11","444","-35 dBm","-92 dBm","57 dB","Beacon frame, SN=1550, FN=0, Flags=........C, BI=100, SSID=""Z5319476"""
"58118","15.705006","e2:bb:15:72:70:e6","ff:ff:ff:ff:ff:ff","802.11","444","-34 dBm","-92 dBm","58 dB","Beacon frame, SN=1551, FN=0, Flags=........C, BI=100, SSID=""Z5319476"""
"58465","15.807587","e2:bb:15:72:70:e6","ff:ff:ff:ff:ff:ff","802.11","444","-33 dBm","-92 dBm","59 dB","Beacon frame, SN=1552, FN=0, Flags=........C, BI=100, SSID=""Z5319476"""
"58780","15.910033","e2:bb:15:72:70:e6","ff:ff:ff:ff:ff:ff","802.11","444","-36 dBm","-92 dBm","56 dB","Beacon frame, SN=1553, FN=0, Flags=........C, BI=100, SSID=""Z5319476"""
"59056","16.012565","e2:bb:15:72:70:e6","ff:ff:ff:ff:ff:ff","802.11","444","-36 dBm","-92 dBm","56 dB","Beacon frame, SN=1554, FN=0, Flags=........C, BI=100, SSID=""Z5319476"""
"59358","16.114506","e2:bb:15:72:70:e6","ff:ff:ff:ff:ff:ff","802.11","444","-33 dBm","-92 dBm","59 dB","Beacon frame, SN=1555, FN=0, Flags=........C, BI=100, SSID=""Z5319476"""
"59724","16.217070","e2:bb:15:72:70:e6","ff:ff:ff:ff:ff:ff","802.11","444","-36 dBm","-92 dBm","56 dB","Beacon frame, SN=1556, FN=0, Flags=........C, BI=100, SSID=""Z5319476"""
"60127","16.320254","e2:bb:15:72:70:e6","ff:ff:ff:ff:ff:ff","802.11","444","-33 dBm","-92 dBm","59 dB","Beacon frame, SN=1557, FN=0, Flags=........C, BI=100, SSID=""Z5319476"""
"60587","16.421516","e2:bb:15:72:70:e6","ff:ff:ff:ff:ff:ff","802.11","444","-31 dBm","-92 dBm","61 dB","Beacon frame, SN=1558, FN=0, Flags=........C, BI=100, SSID=""Z5319476"""
"61009","16.524888","e2:bb:15:72:70:e6","ff:ff:ff:ff:ff:ff","802.11","444","-33 dBm","-92 dBm","59 dB","Beacon frame, SN=1559, FN=0, Flags=........C, BI=100, SSID=""Z5319476"""
"61320","16.628105","e2:bb:15:72:70:e6","ff:ff:ff:ff:ff:ff","802.11","444","-35 dBm","-92 dBm","57 dB","Beacon frame, SN=1560, FN=0, Flags=........C, BI=100, SSID=""Z5319476"""
"61595","16.729404","e2:bb:15:72:70:e6","ff:ff:ff:ff:ff:ff","802.11","444","-33 dBm","-92 dBm","59 dB","Beacon frame, SN=1561, FN=0, Flags=........C, BI=100, SSID=""Z5319476"""
"61865","16.831783","e2:bb:15:72:70:e6","ff:ff:ff:ff:ff:ff","802.11","444","-33 dBm","-92 dBm","59 dB","Beacon frame, SN=1562, FN=0, Flags=........C, BI=100, SSID=""Z5319476"""
"62180","16.933708","e2:bb:15:72:70:e6","ff:ff:ff:ff:ff:ff","802.11","444","-35 dBm","-92 dBm","57 dB","Beacon frame, SN=1563, FN=0, Flags=........C, BI=100, SSID=""Z5319476"""
"62522","17.036793","e2:bb:15:72:70:e6","ff:ff:ff:ff:ff:ff","802.11","444","-33 dBm","-92 dBm","59 dB","Beacon frame, SN=1564, FN=0, Flags=........C, BI=100, SSID=""Z5319476"""
"62816","17.138386","e2:bb:15:72:70:e6","ff:ff:ff:ff:ff:ff","802.11","444","-33 dBm","-92 dBm","59 dB","Beacon frame, SN=1565, FN=0, Flags=........C, BI=100, SSID=""Z5319476"""
"63174","17.240816","e2:bb:15:72:70:e6","ff:ff:ff:ff:ff:ff","802.11","444","-35 dBm","-92 dBm","57 dB","Beacon frame, SN=1566, FN=0, Flags=........C, BI=100, SSID=""Z5319476"""
"63484","17.343249","e2:bb:15:72:70:e6","ff:ff:ff:ff:ff:ff","802.11","444","-35 dBm","-92 dBm","57 dB","Beacon frame, SN=1567, FN=0, Flags=........C, BI=100, SSID=""Z5319476"""
"63838","17.445749","e2:bb:15:72:70:e6","ff:ff:ff:ff:ff:ff","802.11","444","-33 dBm","-92 dBm","59 dB","Beacon frame, SN=1568, FN=0, Flags=........C, BI=100, SSID=""Z5319476"""
"64246","17.548226","e2:bb:15:72:70:e6","ff:ff:ff:ff:ff:ff","802.11","444","-35 dBm","-92 dBm","57 dB","Beacon frame, SN=1569, FN=0, Flags=........C, BI=100, SSID=""Z5319476"""
"64551","17.650715","e2:bb:15:72:70:e6","ff:ff:ff:ff:ff:ff","802.11","444","-33 dBm","-92 dBm","59 dB","Beacon frame, SN=1570, FN=0, Flags=........C, BI=100, SSID=""Z5319476"""
"64918","17.752915","e2:bb:15:72:70:e6","ff:ff:ff:ff:ff:ff","802.11","444","-35 dBm","-92 dBm","57 dB","Beacon frame, SN=1571, FN=0, Flags=........C, BI=100, SSID=""Z5319476"""
"65504","17.957865","e2:bb:15:72:70:e6","ff:ff:ff:ff:ff:ff","802.11","444","-35 dBm","-92 dBm","57 dB","Beacon frame, SN=1573, FN=0, Flags=........C, BI=100, SSID=""Z5319476"""
"65769","18.061075","e2:bb:15:72:70:e6","ff:ff:ff:ff:ff:ff","802.11","444","-35 dBm","-92 dBm","57 dB","Beacon frame, SN=1574, FN=0, Flags=........C, BI=100, SSID=""Z5319476"""
"66026","18.162629","e2:bb:15:72:70:e6","ff:ff:ff:ff:ff:ff","802.11","444","-33 dBm","-92 dBm","59 dB","Beacon frame, SN=1575, FN=0, Flags=........C, BI=100, SSID=""Z5319476"""
"66342","18.266110","e2:bb:15:72:70:e6","ff:ff:ff:ff:ff:ff","802.11","444","-35 dBm","-92 dBm","57 dB","Beacon frame, SN=1576, FN=0, Flags=........C, BI=100, SSID=""Z5319476"""
"66568","18.367286","e2:bb:15:72:70:e6","ff:ff:ff:ff:ff:ff","802.11","444","-31 dBm","-92 dBm","61 dB","Beacon frame, SN=1577, FN=0, Flags=........C, BI=100, SSID=""Z5319476"""
"66868","18.469611","e2:bb:15:72:70:e6","ff:ff:ff:ff:ff:ff","802.11","444","-35 dBm","-92 dBm","57 dB","Beacon frame, SN=1578, FN=0, Flags=........C, BI=100, SSID=""Z5319476"""
"67237","18.572354","e2:bb:15:72:70:e6","ff:ff:ff:ff:ff:ff","802.11","444","-35 dBm","-92 dBm","57 dB","Beacon frame, SN=1579, FN=0, Flags=........C, BI=100, SSID=""Z5319476"""
"67524","18.675775","e2:bb:15:72:70:e6","ff:ff:ff:ff:ff:ff","802.11","444","-36 dBm","-92 dBm","56 dB","Beacon frame, SN=1580, FN=0, Flags=........C, BI=100, SSID=""Z5319476"""
"67809","18.776934","e2:bb:15:72:70:e6","ff:ff:ff:ff:ff:ff","802.11","444","-35 dBm","-92 dBm","57 dB","Beacon frame, SN=1581, FN=0, Flags=........C, BI=100, SSID=""Z5319476"""
"68169","18.879179","e2:bb:15:72:70:e6","ff:ff:ff:ff:ff:ff","802.11","444","-33 dBm","-92 dBm","59 dB","Beacon frame, SN=1582, FN=0, Flags=........C, BI=100, SSID=""Z5319476"""
"68475","18.981976","e2:bb:15:72:70:e6","ff:ff:ff:ff:ff:ff","802.11","444","-33 dBm","-92 dBm","59 dB","Beacon frame, SN=1583, FN=0, Flags=........C, BI=100, SSID=""Z5319476"""
"68764","19.084025","e2:bb:15:72:70:e6","ff:ff:ff:ff:ff:ff","802.11","444","-31 dBm","-92 dBm","61 dB","Beacon frame, SN=1584, FN=0, Flags=........C, BI=100, SSID=""Z5319476"""
"69064","19.186645","e2:bb:15:72:70:e6","ff:ff:ff:ff:ff:ff","802.11","444","-31 dBm","-92 dBm","61 dB","Beacon frame, SN=1585, FN=0, Flags=........C, BI=100, SSID=""Z5319476"""
"69444","19.288767","e2:bb:15:72:70:e6","ff:ff:ff:ff:ff:ff","802.11","444","-35 dBm","-92 dBm","57 dB","Beacon frame, SN=1586, FN=0, Flags=........C, BI=100, SSID=""Z5319476"""
"69860","19.392856","e2:bb:15:72:70:e6","ff:ff:ff:ff:ff:ff","802.11","444","-33 dBm","-92 dBm","59 dB","Beacon frame, SN=1587, FN=0, Flags=........C, BI=100, SSID=""Z5319476"""
"70265","19.494813","e2:bb:15:72:70:e6","ff:ff:ff:ff:ff:ff","802.11","444","-33 dBm","-92 dBm","59 dB","Beacon frame, SN=1588, FN=0, Flags=........C, BI=100, SSID=""Z5319476"""
"70694","19.596294","e2:bb:15:72:70:e6","ff:ff:ff:ff:ff:ff","802.11","444","-32 dBm","-92 dBm","60 dB","Beacon frame, SN=1589, FN=0, Flags=........C, BI=100, SSID=""Z5319476"""
"71245","19.698480","e2:bb:15:72:70:e6","ff:ff:ff:ff:ff:ff","802.11","444","-33 dBm","-92 dBm","59 dB","Beacon frame, SN=1590, FN=0, Flags=........C, BI=100, SSID=""Z5319476"""
"71767","19.801199","e2:bb:15:72:70:e6","ff:ff:ff:ff:ff:ff","802.11","444","-31 dBm","-92 dBm","61 dB","Beacon frame, SN=1591, FN=0, Flags=........C, BI=100, SSID=""Z5319476"""
"72281","19.903747","e2:bb:15:72:70:e6","ff:ff:ff:ff:ff:ff","802.11","444","-36 dBm","-92 dBm","56 dB","Beacon frame, SN=1592, FN=0, Flags=........C, BI=100, SSID=""Z5319476"""
"72829","20.006287","e2:bb:15:72:70:e6","ff:ff:ff:ff:ff:ff","802.11","444","-36 dBm","-92 dBm","56 dB","Beacon frame, SN=1593, FN=0, Flags=........C, BI=100, SSID=""Z5319476"""
"73208","20.108061","e2:bb:15:72:70:e6","ff:ff:ff:ff:ff:ff","802.11","444","-33 dBm","-92 dBm","59 dB","Beacon frame, SN=1594, FN=0, Flags=........C, BI=100, SSID=""Z5319476"""
"73533","20.210646","e2:bb:15:72:70:e6","ff:ff:ff:ff:ff:ff","802.11","444","-33 dBm","-92 dBm","59 dB","Beacon frame, SN=1595, FN=0, Flags=........C, BI=100, SSID=""Z5319476"""
"73871","20.312901","e2:bb:15:72:70:e6","ff:ff:ff:ff:ff:ff","802.11","444","-33 dBm","-92 dBm","59 dB","Beacon frame, SN=1596, FN=0, Flags=........C, BI=100, SSID=""Z5319476"""
"74146","20.415294","e2:bb:15:72:70:e6","ff:ff:ff:ff:ff:ff","802.11","444","-34 dBm","-92 dBm","58 dB","Beacon frame, SN=1597, FN=0, Flags=........C, BI=100, SSID=""Z5319476"""
"74393","20.517581","e2:bb:15:72:70:e6","ff:ff:ff:ff:ff:ff","802.11","444","-33 dBm","-92 dBm","59 dB","Beacon frame, SN=1598, FN=0, Flags=........C, BI=100, SSID=""Z5319476"""
"74699","20.620017","e2:bb:15:72:70:e6","ff:ff:ff:ff:ff:ff","802.11","444","-32 dBm","-92 dBm","60 dB","Beacon frame, SN=1599, FN=0, Flags=........C, BI=100, SSID=""Z5319476"""
"75030","20.722437","e2:bb:15:72:70:e6","ff:ff:ff:ff:ff:ff","802.11","444","-35 dBm","-92 dBm","57 dB","Beacon frame, SN=1600, FN=0, Flags=........C, BI=100, SSID=""Z5319476"""
"75355","20.824921","e2:bb:15:72:70:e6","ff:ff:ff:ff:ff:ff","802.11","444","-35 dBm","-92 dBm","57 dB","Beacon frame, SN=1601, FN=0, Flags=........C, BI=100, SSID=""Z5319476"""
"76024","21.029525","e2:bb:15:72:70:e6","ff:ff:ff:ff:ff:ff","802.11","444","-35 dBm","-92 dBm","57 dB","Beacon frame, SN=1603, FN=0, Flags=........C, BI=100, SSID=""Z5319476"""
"76425","21.133021","e2:bb:15:72:70:e6","ff:ff:ff:ff:ff:ff","802.11","444","-35 dBm","-92 dBm","57 dB","Beacon frame, SN=1604, FN=0, Flags=........C, BI=100, SSID=""Z5319476"""
"76891","21.234981","e2:bb:15:72:70:e6","ff:ff:ff:ff:ff:ff","802.11","444","-33 dBm","-92 dBm","59 dB","Beacon frame, SN=1605, FN=0, Flags=........C, BI=100, SSID=""Z5319476"""
"77290","21.337609","e2:bb:15:72:70:e6","ff:ff:ff:ff:ff:ff","802.11","444","-35 dBm","-92 dBm","57 dB","Beacon frame, SN=1606, FN=0, Flags=........C, BI=100, SSID=""Z5319476"""
"77798","21.439130","e2:bb:15:72:70:e6","ff:ff:ff:ff:ff:ff","802.11","444","-34 dBm","-92 dBm","58 dB","Beacon frame, SN=1607, FN=0, Flags=........C, BI=100, SSID=""Z5319476"""
"78300","21.541833","e2:bb:15:72:70:e6","ff:ff:ff:ff:ff:ff","802.11","444","-31 dBm","-92 dBm","61 dB","Beacon frame, SN=1608, FN=0, Flags=........C, BI=100, SSID=""Z5319476"""
"78982","21.644217","e2:bb:15:72:70:e6","ff:ff:ff:ff:ff:ff","802.11","444","-30 dBm","-92 dBm","62 dB","Beacon frame, SN=1609, FN=0, Flags=........C, BI=100, SSID=""Z5319476"""
"79390","21.746270","e2:bb:15:72:70:e6","ff:ff:ff:ff:ff:ff","802.11","444","-31 dBm","-92 dBm","61 dB","Beacon frame, SN=1610, FN=0, Flags=........C, BI=100, SSID=""Z5319476"""
"79706","21.848987","e2:bb:15:72:70:e6","ff:ff:ff:ff:ff:ff","802.11","444","-35 dBm","-92 dBm","57 dB","Beacon frame, SN=1611, FN=0, Flags=........C, BI=100, SSID=""Z5319476"""
"80092","21.951773","e2:bb:15:72:70:e6","ff:ff:ff:ff:ff:ff","802.11","444","-32 dBm","-92 dBm","60 dB","Beacon frame, SN=1612, FN=0, Flags=........C, BI=100, SSID=""Z5319476"""
"80407","22.053834","e2:bb:15:72:70:e6","ff:ff:ff:ff:ff:ff","802.11","444","-34 dBm","-92 dBm","58 dB","Beacon frame, SN=1613, FN=0, Flags=........C, BI=100, SSID=""Z5319476"""
"80846","22.156465","e2:bb:15:72:70:e6","ff:ff:ff:ff:ff:ff","802.11","444","-33 dBm","-92 dBm","59 dB","Beacon frame, SN=1614, FN=0, Flags=........C, BI=100, SSID=""Z5319476"""
"81598","22.360996","e2:bb:15:72:70:e6","ff:ff:ff:ff:ff:ff","802.11","444","-31 dBm","-92 dBm","61 dB","Beacon frame, SN=1616, FN=0, Flags=........C, BI=100, SSID=""Z5319476"""
"82021","22.463614","e2:bb:15:72:70:e6","ff:ff:ff:ff:ff:ff","802.11","444","-36 dBm","-92 dBm","56 dB","Beacon frame, SN=1617, FN=0, Flags=........C, BI=100, SSID=""Z5319476"""
"82378","22.565500","e2:bb:15:72:70:e6","ff:ff:ff:ff:ff:ff","802.11","444","-33 dBm","-92 dBm","59 dB","Beacon frame, SN=1618, FN=0, Flags=........C, BI=100, SSID=""Z5319476"""
"82888","22.668054","e2:bb:15:72:70:e6","ff:ff:ff:ff:ff:ff","802.11","444","-35 dBm","-92 dBm","57 dB","Beacon frame, SN=1619, FN=0, Flags=........C, BI=100, SSID=""Z5319476"""
"83319","22.771035","e2:bb:15:72:70:e6","ff:ff:ff:ff:ff:ff","802.11","444","-33 dBm","-92 dBm","59 dB","Beacon frame, SN=1620, FN=0, Flags=........C, BI=100, SSID=""Z5319476"""
"83603","22.873253","e2:bb:15:72:70:e6","ff:ff:ff:ff:ff:ff","802.11","444","-31 dBm","-92 dBm","61 dB","Beacon frame, SN=1621, FN=0, Flags=........C, BI=100, SSID=""Z5319476"""
"84038","22.976437","e2:bb:15:72:70:e6","ff:ff:ff:ff:ff:ff","802.11","444","-31 dBm","-92 dBm","61 dB","Beacon frame, SN=1622, FN=0, Flags=........C, BI=100, SSID=""Z5319476"""
"84357","23.077769","e2:bb:15:72:70:e6","ff:ff:ff:ff:ff:ff","802.11","444","-33 dBm","-92 dBm","59 dB","Beacon frame, SN=1623, FN=0, Flags=........C, BI=100, SSID=""Z5319476"""
"84637","23.179896","e2:bb:15:72:70:e6","ff:ff:ff:ff:ff:ff","802.11","444","-35 dBm","-92 dBm","57 dB","Beacon frame, SN=1624, FN=0, Flags=........C, BI=100, SSID=""Z5319476"""
"85137","23.282453","e2:bb:15:72:70:e6","ff:ff:ff:ff:ff:ff","802.11","444","-33 dBm","-92 dBm","59 dB","Beacon frame, SN=1625, FN=0, Flags=........C, BI=100, SSID=""Z5319476"""
"85569","23.384672","e2:bb:15:72:70:e6","ff:ff:ff:ff:ff:ff","802.11","444","-35 dBm","-92 dBm","57 dB","Beacon frame, SN=1626, FN=0, Flags=........C, BI=100, SSID=""Z5319476"""
"85917","23.489703","e2:bb:15:72:70:e6","ff:ff:ff:ff:ff:ff","802.11","444","-31 dBm","-92 dBm","61 dB","Beacon frame, SN=1627, FN=0, Flags=........C, BI=100, SSID=""Z5319476"""
"86350","23.589497","e2:bb:15:72:70:e6","ff:ff:ff:ff:ff:ff","802.11","444","-36 dBm","-92 dBm","56 dB","Beacon frame, SN=1628, FN=0, Flags=........C, BI=100, SSID=""Z5319476"""
"86678","23.691927","e2:bb:15:72:70:e6","ff:ff:ff:ff:ff:ff","802.11","444","-33 dBm","-92 dBm","59 dB","Beacon frame, SN=1629, FN=0, Flags=........C, BI=100, SSID=""Z5319476"""
"87089","23.794943","e2:bb:15:72:70:e6","ff:ff:ff:ff:ff:ff","802.11","444","-36 dBm","-92 dBm","56 dB","Beacon frame, SN=1630, FN=0, Flags=........C, BI=100, SSID=""Z5319476"""
"88025","23.999312","e2:bb:15:72:70:e6","ff:ff:ff:ff:ff:ff","802.11","444","-33 dBm","-92 dBm","59 dB","Beacon frame, SN=1632, FN=0, Flags=........C, BI=100, SSID=""Z5319476"""
"88443","24.101578","e2:bb:15:72:70:e6","ff:ff:ff:ff:ff:ff","802.11","444","-36 dBm","-92 dBm","56 dB","Beacon frame, SN=1633, FN=0, Flags=........C, BI=100, SSID=""Z5319476"""
"88899","24.204162","e2:bb:15:72:70:e6","ff:ff:ff:ff:ff:ff","802.11","444","-33 dBm","-92 dBm","59 dB","Beacon frame, SN=1634, FN=0, Flags=........C, BI=100, SSID=""Z5319476"""
"89252","24.306225","e2:bb:15:72:70:e6","ff:ff:ff:ff:ff:ff","802.11","444","-33 dBm","-92 dBm","59 dB","Beacon frame, SN=1635, FN=0, Flags=........C, BI=100, SSID=""Z5319476"""
"89761","24.410222","e2:bb:15:72:70:e6","ff:ff:ff:ff:ff:ff","802.11","444","-33 dBm","-92 dBm","59 dB","Beacon frame, SN=1636, FN=0, Flags=........C, BI=100, SSID=""Z5319476"""
"90109","24.511448","e2:bb:15:72:70:e6","ff:ff:ff:ff:ff:ff","802.11","444","-31 dBm","-92 dBm","61 dB","Beacon frame, SN=1637, FN=0, Flags=........C, BI=100, SSID=""Z5319476"""
"90531","24.613619","e2:bb:15:72:70:e6","ff:ff:ff:ff:ff:ff","802.11","444","-33 dBm","-92 dBm","59 dB","Beacon frame, SN=1638, FN=0, Flags=........C, BI=100, SSID=""Z5319476"""
"91012","24.716485","e2:bb:15:72:70:e6","ff:ff:ff:ff:ff:ff","802.11","444","-36 dBm","-92 dBm","56 dB","Beacon frame, SN=1639, FN=0, Flags=........C, BI=100, SSID=""Z5319476"""
"91475","24.818234","e2:bb:15:72:70:e6","ff:ff:ff:ff:ff:ff","802.11","444","-33 dBm","-92 dBm","59 dB","Beacon frame, SN=1640, FN=0, Flags=........C, BI=100, SSID=""Z5319476"""
"91787","24.920617","e2:bb:15:72:70:e6","ff:ff:ff:ff:ff:ff","802.11","444","-33 dBm","-92 dBm","59 dB","Beacon frame, SN=1641, FN=0, Flags=........C, BI=100, SSID=""Z5319476"""
"92141","25.022814","e2:bb:15:72:70:e6","ff:ff:ff:ff:ff:ff","802.11","444","-36 dBm","-92 dBm","56 dB","Beacon frame, SN=1642, FN=0, Flags=........C, BI=100, SSID=""Z5319476"""
"92500","25.125416","e2:bb:15:72:70:e6","ff:ff:ff:ff:ff:ff","802.11","444","-33 dBm","-92 dBm","59 dB","Beacon frame, SN=1643, FN=0, Flags=........C, BI=100, SSID=""Z5319476"""
"92898","25.228624","e2:bb:15:72:70:e6","ff:ff:ff:ff:ff:ff","802.11","444","-35 dBm","-92 dBm","57 dB","Beacon frame, SN=1644, FN=0, Flags=........C, BI=100, SSID=""Z5319476"""
"93220","25.330200","e2:bb:15:72:70:e6","ff:ff:ff:ff:ff:ff","802.11","444","-31 dBm","-92 dBm","61 dB","Beacon frame, SN=1645, FN=0, Flags=........C, BI=100, SSID=""Z5319476"""
"93614","25.432745","e2:bb:15:72:70:e6","ff:ff:ff:ff:ff:ff","802.11","444","-30 dBm","-92 dBm","62 dB","Beacon frame, SN=1646, FN=0, Flags=........C, BI=100, SSID=""Z5319476"""
"94036","25.535052","e2:bb:15:72:70:e6","ff:ff:ff:ff:ff:ff","802.11","444","-35 dBm","-92 dBm","57 dB","Beacon frame, SN=1647, FN=0, Flags=........C, BI=100, SSID=""Z5319476"""
"94395","25.637683","e2:bb:15:72:70:e6","ff:ff:ff:ff:ff:ff","802.11","444","-33 dBm","-92 dBm","59 dB","Beacon frame, SN=1648, FN=0, Flags=........C, BI=100, SSID=""Z5319476"""
"94749","25.739913","e2:bb:15:72:70:e6","ff:ff:ff:ff:ff:ff","802.11","444","-34 dBm","-92 dBm","58 dB","Beacon frame, SN=1649, FN=0, Flags=........C, BI=100, SSID=""Z5319476"""
"95095","25.842503","e2:bb:15:72:70:e6","ff:ff:ff:ff:ff:ff","802.11","444","-34 dBm","-92 dBm","58 dB","Beacon frame, SN=1650, FN=0, Flags=........C, BI=100, SSID=""Z5319476"""
"95480","25.944649","e2:bb:15:72:70:e6","ff:ff:ff:ff:ff:ff","802.11","444","-35 dBm","-92 dBm","57 dB","Beacon frame, SN=1651, FN=0, Flags=........C, BI=100, SSID=""Z5319476"""
"95922","26.047100","e2:bb:15:72:70:e6","ff:ff:ff:ff:ff:ff","802.11","444","-34 dBm","-92 dBm","58 dB","Beacon frame, SN=1652, FN=0, Flags=........C, BI=100, SSID=""Z5319476"""
"96238","26.149823","e2:bb:15:72:70:e6","ff:ff:ff:ff:ff:ff","802.11","444","-34 dBm","-92 dBm","58 dB","Beacon frame, SN=1653, FN=0, Flags=........C, BI=100, SSID=""Z5319476"""
"96630","26.252639","e2:bb:15:72:70:e6","ff:ff:ff:ff:ff:ff","802.11","444","-34 dBm","-92 dBm","58 dB","Beacon frame, SN=1654, FN=0, Flags=........C, BI=100, SSID=""Z5319476"""
"96964","26.354316","e2:bb:15:72:70:e6","ff:ff:ff:ff:ff:ff","802.11","444","-34 dBm","-92 dBm","58 dB","Beacon frame, SN=1655, FN=0, Flags=........C, BI=100, SSID=""Z5319476"""
"97497","26.457144","e2:bb:15:72:70:e6","ff:ff:ff:ff:ff:ff","802.11","444","-36 dBm","-92 dBm","56 dB","Beacon frame, SN=1656, FN=0, Flags=........C, BI=100, SSID=""Z5319476"""
"97980","26.559367","e2:bb:15:72:70:e6","ff:ff:ff:ff:ff:ff","802.11","444","-31 dBm","-92 dBm","61 dB","Beacon frame, SN=1657, FN=0, Flags=........C, BI=100, SSID=""Z5319476"""
"98445","26.661562","e2:bb:15:72:70:e6","ff:ff:ff:ff:ff:ff","802.11","444","-35 dBm","-92 dBm","57 dB","Beacon frame, SN=1658, FN=0, Flags=........C, BI=100, SSID=""Z5319476"""
"98766","26.763786","e2:bb:15:72:70:e6","ff:ff:ff:ff:ff:ff","802.11","444","-33 dBm","-92 dBm","59 dB","Beacon frame, SN=1659, FN=0, Flags=........C, BI=100, SSID=""Z5319476"""
"99142","26.866222","e2:bb:15:72:70:e6","ff:ff:ff:ff:ff:ff","802.11","444","-31 dBm","-92 dBm","61 dB","Beacon frame, SN=1660, FN=0, Flags=........C, BI=100, SSID=""Z5319476"""
"99561","26.968605","e2:bb:15:72:70:e6","ff:ff:ff:ff:ff:ff","802.11","444","-31 dBm","-92 dBm","61 dB","Beacon frame, SN=1661, FN=0, Flags=........C, BI=100, SSID=""Z5319476"""
"99959","27.070971","e2:bb:15:72:70:e6","ff:ff:ff:ff:ff:ff","802.11","444","-31 dBm","-92 dBm","61 dB","Beacon frame, SN=1662, FN=0, Flags=........C, BI=100, SSID=""Z5319476"""
"100477","27.173309","e2:bb:15:72:70:e6","ff:ff:ff:ff:ff:ff","802.11","444","-33 dBm","-92 dBm","59 dB","Beacon frame, SN=1663, FN=0, Flags=........C, BI=100, SSID=""Z5319476"""
"101010","27.276253","e2:bb:15:72:70:e6","ff:ff:ff:ff:ff:ff","802.11","444","-33 dBm","-92 dBm","59 dB","Beacon frame, SN=1664, FN=0, Flags=........C, BI=100, SSID=""Z5319476"""
"102128","27.480923","e2:bb:15:72:70:e6","ff:ff:ff:ff:ff:ff","802.11","444","-33 dBm","-92 dBm","59 dB","Beacon frame, SN=1666, FN=0, Flags=........C, BI=100, SSID=""Z5319476"""
"102716","27.582954","e2:bb:15:72:70:e6","ff:ff:ff:ff:ff:ff","802.11","444","-31 dBm","-92 dBm","61 dB","Beacon frame, SN=1667, FN=0, Flags=........C, BI=100, SSID=""Z5319476"""
"103262","27.685490","e2:bb:15:72:70:e6","ff:ff:ff:ff:ff:ff","802.11","444","-35 dBm","-92 dBm","57 dB","Beacon frame, SN=1668, FN=0, Flags=........C, BI=100, SSID=""Z5319476"""
"103673","27.788042","e2:bb:15:72:70:e6","ff:ff:ff:ff:ff:ff","802.11","444","-35 dBm","-92 dBm","57 dB","Beacon frame, SN=1669, FN=0, Flags=........C, BI=100, SSID=""Z5319476"""
"104159","27.890414","e2:bb:15:72:70:e6","ff:ff:ff:ff:ff:ff","802.11","444","-33 dBm","-92 dBm","59 dB","Beacon frame, SN=1670, FN=0, Flags=........C, BI=100, SSID=""Z5319476"""
"104589","27.992987","e2:bb:15:72:70:e6","ff:ff:ff:ff:ff:ff","802.11","444","-35 dBm","-92 dBm","57 dB","Beacon frame, SN=1671, FN=0, Flags=........C, BI=100, SSID=""Z5319476"""
"105003","28.094991","e2:bb:15:72:70:e6","ff:ff:ff:ff:ff:ff","802.11","444","-35 dBm","-92 dBm","57 dB","Beacon frame, SN=1672, FN=0, Flags=........C, BI=100, SSID=""Z5319476"""
"105428","28.197605","e2:bb:15:72:70:e6","ff:ff:ff:ff:ff:ff","802.11","444","-34 dBm","-92 dBm","58 dB","Beacon frame, SN=1673, FN=0, Flags=........C, BI=100, SSID=""Z5319476"""
"105832","28.300294","e2:bb:15:72:70:e6","ff:ff:ff:ff:ff:ff","802.11","444","-35 dBm","-92 dBm","57 dB","Beacon frame, SN=1674, FN=0, Flags=........C, BI=100, SSID=""Z5319476"""
"106610","28.504560","e2:bb:15:72:70:e6","ff:ff:ff:ff:ff:ff","802.11","444","-35 dBm","-92 dBm","57 dB","Beacon frame, SN=1676, FN=0, Flags=........C, BI=100, SSID=""Z5319476"""
"106971","28.607036","e2:bb:15:72:70:e6","ff:ff:ff:ff:ff:ff","802.11","444","-35 dBm","-92 dBm","57 dB","Beacon frame, SN=1677, FN=0, Flags=........C, BI=100, SSID=""Z5319476"""
"107316","28.709343","e2:bb:15:72:70:e6","ff:ff:ff:ff:ff:ff","802.11","444","-32 dBm","-92 dBm","60 dB","Beacon frame, SN=1678, FN=0, Flags=........C, BI=100, SSID=""Z5319476"""
"107696","28.811843","e2:bb:15:72:70:e6","ff:ff:ff:ff:ff:ff","802.11","444","-31 dBm","-92 dBm","61 dB","Beacon frame, SN=1679, FN=0, Flags=........C, BI=100, SSID=""Z5319476"""
"108042","28.914543","e2:bb:15:72:70:e6","ff:ff:ff:ff:ff:ff","802.11","444","-33 dBm","-92 dBm","59 dB","Beacon frame, SN=1680, FN=0, Flags=........C, BI=100, SSID=""Z5319476"""
"108394","29.016638","e2:bb:15:72:70:e6","ff:ff:ff:ff:ff:ff","802.11","444","-35 dBm","-92 dBm","57 dB","Beacon frame, SN=1681, FN=0, Flags=........C, BI=100, SSID=""Z5319476"""
"108744","29.118766","e2:bb:15:72:70:e6","ff:ff:ff:ff:ff:ff","802.11","444","-36 dBm","-92 dBm","56 dB","Beacon frame, SN=1682, FN=0, Flags=........C, BI=100, SSID=""Z5319476"""
"109074","29.221819","e2:bb:15:72:70:e6","ff:ff:ff:ff:ff:ff","802.11","444","-30 dBm","-92 dBm","62 dB","Beacon frame, SN=1683, FN=0, Flags=........C, BI=100, SSID=""Z5319476"""
"109462","29.324144","e2:bb:15:72:70:e6","ff:ff:ff:ff:ff:ff","802.11","444","-32 dBm","-92 dBm","60 dB","Beacon frame, SN=1684, FN=0, Flags=........C, BI=100, SSID=""Z5319476"""
"109900","29.426302","e2:bb:15:72:70:e6","ff:ff:ff:ff:ff:ff","802.11","444","-32 dBm","-92 dBm","60 dB","Beacon frame, SN=1685, FN=0, Flags=........C, BI=100, SSID=""Z5319476"""
"110263","29.528882","e2:bb:15:72:70:e6","ff:ff:ff:ff:ff:ff","802.11","444","-30 dBm","-92 dBm","62 dB","Beacon frame, SN=1686, FN=0, Flags=........C, BI=100, SSID=""Z5319476"""
"110659","29.630961","e2:bb:15:72:70:e6","ff:ff:ff:ff:ff:ff","802.11","444","-32 dBm","-92 dBm","60 dB","Beacon frame, SN=1687, FN=0, Flags=........C, BI=100, SSID=""Z5319476"""
"111112","29.733429","e2:bb:15:72:70:e6","ff:ff:ff:ff:ff:ff","802.11","444","-32 dBm","-92 dBm","60 dB","Beacon frame, SN=1688, FN=0, Flags=........C, BI=100, SSID=""Z5319476"""
"111521","29.836089","e2:bb:15:72:70:e6","ff:ff:ff:ff:ff:ff","802.11","444","-35 dBm","-92 dBm","57 dB","Beacon frame, SN=1689, FN=0, Flags=........C, BI=100, SSID=""Z5319476"""
"111868","29.938252","e2:bb:15:72:70:e6","ff:ff:ff:ff:ff:ff","802.11","444","-32 dBm","-92 dBm","60 dB","Beacon frame, SN=1690, FN=0, Flags=........C, BI=100, SSID=""Z5319476"""
"112363","30.040645","e2:bb:15:72:70:e6","ff:ff:ff:ff:ff:ff","802.11","444","-30 dBm","-92 dBm","62 dB","Beacon frame, SN=1691, FN=0, Flags=........C, BI=100, SSID=""Z5319476"""
"112766","30.143377","e2:bb:15:72:70:e6","ff:ff:ff:ff:ff:ff","802.11","444","-30 dBm","-92 dBm","62 dB","Beacon frame, SN=1692, FN=0, Flags=........C, BI=100, SSID=""Z5319476"""
"113116","30.245452","e2:bb:15:72:70:e6","ff:ff:ff:ff:ff:ff","802.11","444","-34 dBm","-92 dBm","58 dB","Beacon frame, SN=1693, FN=0, Flags=........C, BI=100, SSID=""Z5319476"""
"113499","30.348171","e2:bb:15:72:70:e6","ff:ff:ff:ff:ff:ff","802.11","444","-32 dBm","-92 dBm","60 dB","Beacon frame, SN=1694, FN=0, Flags=........C, BI=100, SSID=""Z5319476"""
"113870","30.451508","e2:bb:15:72:70:e6","ff:ff:ff:ff:ff:ff","802.11","444","-32 dBm","-92 dBm","60 dB","Beacon frame, SN=1695, FN=0, Flags=........C, BI=100, SSID=""Z5319476"""
"114261","30.552845","e2:bb:15:72:70:e6","ff:ff:ff:ff:ff:ff","802.11","444","-35 dBm","-92 dBm","57 dB","Beacon frame, SN=1696, FN=0, Flags=........C, BI=100, SSID=""Z5319476"""
"114594","30.654978","e2:bb:15:72:70:e6","ff:ff:ff:ff:ff:ff","802.11","444","-30 dBm","-92 dBm","62 dB","Beacon frame, SN=1697, FN=0, Flags=........C, BI=100, SSID=""Z5319476"""
"114926","30.757760","e2:bb:15:72:70:e6","ff:ff:ff:ff:ff:ff","802.11","444","-32 dBm","-92 dBm","60 dB","Beacon frame, SN=1698, FN=0, Flags=........C, BI=100, SSID=""Z5319476"""
"115325","30.860079","e2:bb:15:72:70:e6","ff:ff:ff:ff:ff:ff","802.11","444","-34 dBm","-92 dBm","58 dB","Beacon frame, SN=1699, FN=0, Flags=........C, BI=100, SSID=""Z5319476"""
"115727","30.962265","e2:bb:15:72:70:e6","ff:ff:ff:ff:ff:ff","802.11","444","-35 dBm","-92 dBm","57 dB","Beacon frame, SN=1700, FN=0, Flags=........C, BI=100, SSID=""Z5319476"""
"116087","31.064522","e2:bb:15:72:70:e6","ff:ff:ff:ff:ff:ff","802.11","444","-32 dBm","-92 dBm","60 dB","Beacon frame, SN=1701, FN=0, Flags=........C, BI=100, SSID=""Z5319476"""
"116533","31.166896","e2:bb:15:72:70:e6","ff:ff:ff:ff:ff:ff","802.11","444","-32 dBm","-92 dBm","60 dB","Beacon frame, SN=1702, FN=0, Flags=........C, BI=100, SSID=""Z5319476"""
"116925","31.269298","e2:bb:15:72:70:e6","ff:ff:ff:ff:ff:ff","802.11","444","-32 dBm","-92 dBm","60 dB","Beacon frame, SN=1703, FN=0, Flags=........C, BI=100, SSID=""Z5319476"""
"117203","31.372221","e2:bb:15:72:70:e6","ff:ff:ff:ff:ff:ff","802.11","444","-30 dBm","-92 dBm","62 dB","Beacon frame, SN=1704, FN=0, Flags=........C, BI=100, SSID=""Z5319476"""
"117650","31.474407","e2:bb:15:72:70:e6","ff:ff:ff:ff:ff:ff","802.11","444","-32 dBm","-92 dBm","60 dB","Beacon frame, SN=1705, FN=0, Flags=........C, BI=100, SSID=""Z5319476"""
"118148","31.576380","e2:bb:15:72:70:e6","ff:ff:ff:ff:ff:ff","802.11","444","-28 dBm","-92 dBm","64 dB","Beacon frame, SN=1706, FN=0, Flags=........C, BI=100, SSID=""Z5319476"""
"118445","31.678913","e2:bb:15:72:70:e6","ff:ff:ff:ff:ff:ff","802.11","444","-34 dBm","-92 dBm","58 dB","Beacon frame, SN=1707, FN=0, Flags=........C, BI=100, SSID=""Z5319476"""
"118762","31.781373","e2:bb:15:72:70:e6","ff:ff:ff:ff:ff:ff","802.11","444","-30 dBm","-92 dBm","62 dB","Beacon frame, SN=1708, FN=0, Flags=........C, BI=100, SSID=""Z5319476"""
"119091","31.883890","e2:bb:15:72:70:e6","ff:ff:ff:ff:ff:ff","802.11","444","-34 dBm","-92 dBm","58 dB","Beacon frame, SN=1709, FN=0, Flags=........C, BI=100, SSID=""Z5319476"""
